﻿<?xml version="1.0" encoding="UTF-8"?>
<data>
	<ShowHighScore>true</ShowHighScore>
	<MoreGameLink>http://www.popcap.com</MoreGameLink>
	<MsnApi>false</MsnApi>
	<!-- Define the interval after which the loadbroadcast should be called -->
	<interval>3</interval>
	<!-- Put the main swf url inside the link url -->
	<!--<link id = "0">BejeweledTwist.swf</link>-->
	<CheatMode>true</CheatMode>
	
	<MainMenu>
		<PreEnter> </PreEnter>
		<Choose>Choose your game!</Choose>
		<GameModeClassic>The untimed classic game!</GameModeClassic>
		<GameModeBlitz>Three minute action challenge!</GameModeBlitz>
		<GameModeChallenge>Challenge mode awaits you in the Full Version of Bejeweled Twist!</GameModeChallenge>
		<GameModeZen>Zen mode awaits you in the Full Version of Bejeweled Twist!</GameModeZen>
	</MainMenu>
	
	<HowToPlay>TWIST GEMS TO MAKE A SET OF 3 OR MORE IN A ROW.</HowToPlay>
	
	<GameUpsell>
		<Challenge>
			<Show>false</Show>
			<Title>CHALLENGE MODE</Title>
			<IntroUp>Think you’re smart? Challenge mode has over 80 brain-busting puzzles to test your skill.</IntroUp>
			<IntroDwon>Challenge mode is only available in the full version of Bejeweled Twist.</IntroDwon>
		</Challenge>
		<Zen>
			<Show>false</Show>
			<Title>ZEN MODE</Title>
			<IntroUp>You can’t lose in this unlimited, relaxing game mode. Explore the galaxy!</IntroUp>
			<IntroDwon>Zen mode is only available in the full version of Bejeweled Twist.</IntroDwon>
		</Zen>
		<Classic>
			<Show>true</Show>
			<Title>CLASSIC MODE</Title>
			<IntroUp>In the full version you can match your wits with the Doom gem - and score 1,000 points!</IntroUp>
			<IntroDwon> </IntroDwon>
		</Classic>
		<Blitz>
			<Show>true</Show>
			<Title>BLITZ MODE</Title>
			<IntroUp>The full version of Bejeweled Twist gives you more time to score! </IntroUp>
			<IntroDwon> </IntroDwon>
		</Blitz>
		<FullUpsell>
			<Show>true</Show>
			<Span>3</Span>
			<Title>Buy the full version and have even more fun with all this:</Title>
			<FruitDance>Match or destroy a Fruit Gem to see the amazing Mega Fruit Bonus!</FruitDance>
			<PersonalStats>Track your high scores, your best combos and cascades.</PersonalStats>
			<SuperNovaGem>Rumor has it this gem is created by matching 6 gems in a line. </SuperNovaGem>
			<ChallengeMode>Over 80 unique Bejeweled Twist puzzles you can unlock.</ChallengeMode>
			<ZenMode>Relax in a stress-free mode where Locked and Bomb gems don’t exist.</ZenMode>
			<RankBar>As you complete levels, challenges or games you can earn stars for your Rank Bar.</RankBar>
		</FullUpsell>
		<Link>http://www.popcap.com</Link>
	</GameUpsell>
	
	<HighScore>
		<Heading>High Score</Heading>
		<HeadingClassic>Classic</HeadingClassic>
		<HeadingBlitz>Blitz</HeadingBlitz>
	</HighScore>
	
	<Option>
		<HowToPaly>How to Play</HowToPaly>
		<MainMenu>Quit</MainMenu>
		<BackToGame>Back to Game</BackToGame>
		<Heading>Options</Heading>
		<OptionUpsellButton>
			<Text>Try the Full Version!</Text>
			<Link>https://web.archive.org/web/20090324211740/http://popcap.com/games/bejeweledtwist/?icid=bejeweledtwist_HP_DL_1_8_19_08_en</Link>
		</OptionUpsellButton>
		<SoundRadioLabel>Sounds</SoundRadioLabel>
		<HintsRadioLabel>Hints</HintsRadioLabel>
	</Option>
	
	<Tips>
		<TipsLabel>Tips</TipsLabel>
		<TipsOffLabel>Tips Off</TipsOffLabel>
		<TipsOnLabel>Tips On</TipsOnLabel>
		<BacktoGameLabel>Back to Game</BacktoGameLabel>
		<LockedGem>
			<Title>LOCKED GEM</Title>
			<Text>This LOCKED GEM can't be moved, but you can still match it!</Text>
		</LockedGem>
		<LightningGem>
			<Title>LIGHTNING GEM</Title>
			<Text>You made a LIGHTNING GEM by matching 5 gems in a row!</Text>
		</LightningGem>
		<FlameGem>
			<Title>FLAME GEM</Title>
			<Text>You can make a FLAME GEM by matching 4 in a row! It will explode when matched!</Text>
		</FlameGem>
		<BombGem>
			<Title>BOMB GEM</Title>
			<Text>Watch out for this BOMB GEM! Match it before it ticks down to zero!</Text>
		</BombGem>
		<BombGemZero>
			<Title>BOMB GEM</Title>
			<Text>Oh no! The BOMB GEM ticked down to zero… but you have one last chance to defuse it!</Text>
		</BombGemZero>
		<CoalGem>
			<Title>COAL GEM</Title>
			<Text>COAL GEMS can’t be matched, but you can destroy them with Flame Gems or Lightning Gems.</Text>
		</CoalGem>
		<FruitGem>
			<Title>FRUIT GEM</Title>
			<Text>Rare gem earned by maxing the Chain Meter. Match it for a surprise!</Text>
		</FruitGem>
	</Tips>
	
</data>